-- MySQL Script generated by MySQL Workbench
-- jue 21 dic 2017 09:22:05 CET
-- Model: New Model    Version: 1.0
-- MySQL Workbench Forward Engineering

SET @OLD_UNIQUE_CHECKS=@@UNIQUE_CHECKS, UNIQUE_CHECKS=0;
SET @OLD_FOREIGN_KEY_CHECKS=@@FOREIGN_KEY_CHECKS, FOREIGN_KEY_CHECKS=0;
SET @OLD_SQL_MODE=@@SQL_MODE, SQL_MODE='TRADITIONAL,ALLOW_INVALID_DATES';

-- -----------------------------------------------------
-- Schema mydb
-- -----------------------------------------------------
-- -----------------------------------------------------
-- Schema clinica
-- -----------------------------------------------------
DROP SCHEMA IF EXISTS `clinica` ;

-- -----------------------------------------------------
-- Schema clinica
-- -----------------------------------------------------
CREATE SCHEMA IF NOT EXISTS `clinica` DEFAULT CHARACTER SET latin1 ;
USE `clinica` ;

-- -----------------------------------------------------
-- Table `clinica`.`usuarios`
-- -----------------------------------------------------
CREATE TABLE IF NOT EXISTS `clinica`.`usuarios` (
  `id_usuario` INT(11) NOT NULL AUTO_INCREMENT,
  `nombre` VARCHAR(100) NOT NULL,
  `apellidos` VARCHAR(200) NOT NULL,
  `telefono` INT(9) NOT NULL,
  `user` VARCHAR(45) NOT NULL,
  `password` VARCHAR(45) NOT NULL,
  `tipo` VARCHAR(5) NOT NULL,
  `foto` VARCHAR(200),
  PRIMARY KEY (`id_usuario`))
ENGINE = InnoDB
DEFAULT CHARACTER SET = latin1;

CREATE UNIQUE INDEX `id_usuario_UNIQUE` ON `clinica`.`usuarios` (`id_usuario` ASC);

CREATE UNIQUE INDEX `usuario_UNIQUE` ON `clinica`.`usuarios` (`user` ASC);

INSERT INTO `clinica`.`usuarios` (`id_usuario`, `nombre`, `apellidos`, `telefono`, `user`, `password`, `tipo`, `foto`) 
VALUES ('1', 'Pepe', 'Gallego', '123456789', 'admin', md5("admin"), 'admin', null);

INSERT INTO `clinica`.`usuarios` (`id_usuario`, `nombre`, `apellidos`, `telefono`, `user`, `password`, `tipo`, `foto`) 
VALUES ('2', 'Eduardo', 'Gomez Paredes', '639866860', 'ryukedu', md5("123"), 'user', null);

INSERT INTO `clinica`.`usuarios` (`id_usuario`, `nombre`, `apellidos`, `telefono`, `user`, `password`, `tipo`, `foto`) 
VALUES ('3', 'Felipe', 'Cabello Cañada', '654789321', 'SoyCaillou', md5("123"), 'user', null);

INSERT INTO `clinica`.`usuarios` (`id_usuario`, `nombre`, `apellidos`, `telefono`, `user`, `password`, `tipo`, `foto`)  
VALUES ('4', 'Maria Jesus', 'Dominguez Perez', '123456789', 'majedope', md5("123"), 'user', null);

INSERT INTO `clinica`.`usuarios` (`id_usuario`, `nombre`, `apellidos`, `telefono`, `user`, `password`, `tipo`, `foto`)  
VALUES ('5', 'Maria', 'Avila Fernandez', '987654321', 'mavife', md5("123"), 'user', null);

-- -----------------------------------------------------
-- Table `clinica`.`citas`
-- -----------------------------------------------------
CREATE TABLE IF NOT EXISTS `clinica`.`citas` (
  `numero` INT(11) NOT NULL AUTO_INCREMENT,
  `fecha` DATE NOT NULL,
  `motivo` VARCHAR(45) NOT NULL,
  `hora` time NOT NULL,
  `id_usuario` INT(11) NOT NULL,
  PRIMARY KEY (`numero`, `id_usuario`),
  CONSTRAINT
    FOREIGN KEY (`id_usuario`)
    REFERENCES `clinica`.`usuarios` (`id_usuario`)
    ON DELETE CASCADE
    ON UPDATE CASCADE)
ENGINE = InnoDB
DEFAULT CHARACTER SET = latin1;

CREATE UNIQUE INDEX `numero_UNIQUE` ON `clinica`.`citas` (`numero` ASC);


INSERT INTO `clinica`.`citas` (`numero`, `fecha`, `motivo`, `hora`,`id_usuario`) 
VALUES ('1', '2018-02-02', 'Revision', '10:00:00', '2');

INSERT INTO `clinica`.`citas` (`numero`, `fecha`, `motivo`, `hora`,`id_usuario`) 
VALUES ('2', '2018-02-02', 'Ortodoncia', '10:30:00', '2');

INSERT INTO `clinica`.`citas` (`numero`, `fecha`, `motivo`, `hora`,`id_usuario`) 
VALUES ('3', '2018-02-02', 'Revision aparatos', '11:30:00', '3');

INSERT INTO `clinica`.`citas` (`numero`, `fecha`, `motivo`, `hora`,`id_usuario`) 
VALUES ('4', '2018-02-02', 'Empaste', '12:00:00', '4');

INSERT INTO `clinica`.`citas` (`numero`, `fecha`, `motivo`, `hora`,`id_usuario`) 
VALUES ('5', '2018-02-02', 'Sacar muela del juicio', '12:20:00', '5');

INSERT INTO `clinica`.`citas` (`numero`, `fecha`, `motivo`, `hora`,`id_usuario`) 
VALUES ('6', '2018-02-02', 'Limpieza', '16:00:00', '5');

-- -----------------------------------------------------
-- Table `clinica`.`empleados`
-- -----------------------------------------------------
CREATE TABLE IF NOT EXISTS `clinica`.`empleados` (
  `id_empleado` INT(11) NOT NULL AUTO_INCREMENT,
  `nombre` VARCHAR(45) NOT NULL,
  `apellidos` VARCHAR(45) NOT NULL,
  `telefono` INT(9) NOT NULL,
  PRIMARY KEY (`id_empleado`))
ENGINE = InnoDB
DEFAULT CHARACTER SET = latin1;

CREATE UNIQUE INDEX `id_empleado_UNIQUE` ON `clinica`.`empleados` (`id_empleado` ASC);

INSERT INTO `clinica`.`empleados` (`id_empleado`, `nombre`, `apellidos`, `telefono`) 
VALUES ('1', 'Inma', 'Morilla Viollanoma', '123456789');

INSERT INTO `clinica`.`empleados` (`id_empleado`, `nombre`, `apellidos`, `telefono`) 
VALUES ('2', 'Eduardo', 'Sivianes Tejero', '123456789');

-- -----------------------------------------------------
-- Table `clinica`.`facturas`
-- -----------------------------------------------------
CREATE TABLE IF NOT EXISTS `clinica`.`facturas` (
  `id_factura` INT(11) NOT NULL AUTO_INCREMENT,
  `cantidad` VARCHAR(45) NOT NULL,
  `numero` INT(11) NOT NULL,
  PRIMARY KEY (`id_factura`, `numero`),
  CONSTRAINT `numero`
    FOREIGN KEY (`numero`)
    REFERENCES `clinica`.`citas` (`numero`)
    ON DELETE CASCADE
    ON UPDATE CASCADE)
ENGINE = InnoDB
DEFAULT CHARACTER SET = latin1;

CREATE UNIQUE INDEX `idfacturas_UNIQUE` ON `clinica`.`facturas` (`id_factura` ASC);

INSERT INTO `clinica`.`facturas` (`id_factura`, `cantidad`, `numero`) 
VALUES ('1', '0', '1');

INSERT INTO `clinica`.`facturas` (`id_factura`, `cantidad`, `numero`) 
VALUES ('2', '80', '2');

INSERT INTO `clinica`.`facturas` (`id_factura`, `cantidad`, `numero`) 
VALUES ('3', '20', '3');

INSERT INTO `clinica`.`facturas` (`id_factura`, `cantidad`, `numero`) 
VALUES ('4', '40', '4');

INSERT INTO `clinica`.`facturas` (`id_factura`, `cantidad`, `numero`) 
VALUES ('5', '60', '5');

INSERT INTO `clinica`.`facturas` (`id_factura`, `cantidad`, `numero`) 
VALUES ('6', '20', '6');

-- -----------------------------------------------------
-- Table `clinica`.`atender`
-- -----------------------------------------------------
CREATE TABLE IF NOT EXISTS `clinica`.`atender` (
  `id_atender` INT NOT NULL AUTO_INCREMENT,
  `numero_cita` INT NOT NULL,
  `id_empleado` INT NOT NULL,
  PRIMARY KEY (`id_atender`),
  CONSTRAINT 
    FOREIGN KEY (`numero_cita`)
    REFERENCES `clinica`.`citas` (`numero`)
    ON DELETE CASCADE
    ON UPDATE CASCADE,
  CONSTRAINT 
    FOREIGN KEY (`id_empleado`)
    REFERENCES `clinica`.`empleados` (`id_empleado`)
    ON DELETE CASCADE
    ON UPDATE CASCADE)
ENGINE = InnoDB;

CREATE UNIQUE INDEX `id_atender_UNIQUE` ON `clinica`.`atender` (`id_atender` ASC);

INSERT INTO `clinica`.`atender` (`id_atender`, `numero_cita`, `id_empleado`) 
VALUES ('1', '1', '1');

INSERT INTO `clinica`.`atender` (`id_atender`, `numero_cita`, `id_empleado`) 
VALUES ('2', '2', '1');

INSERT INTO `clinica`.`atender` (`id_atender`, `numero_cita`, `id_empleado`) 
VALUES ('3', '3', '1');

INSERT INTO `clinica`.`atender` (`id_atender`, `numero_cita`, `id_empleado`) 
VALUES ('4', '4', '2');

INSERT INTO `clinica`.`atender` (`id_atender`, `numero_cita`, `id_empleado`) 
VALUES ('5', '5', '2');

INSERT INTO `clinica`.`atender` (`id_atender`, `numero_cita`, `id_empleado`) 
VALUES ('6', '6', '2');

SET SQL_MODE=@OLD_SQL_MODE;
SET FOREIGN_KEY_CHECKS=@OLD_FOREIGN_KEY_CHECKS;
SET UNIQUE_CHECKS=@OLD_UNIQUE_CHECKS;

